588,Maldives,Malé,09/27/2032 10:56 AM,Draaco Aventura,18
630,Australia,Canberra,09/30/2028 01:41 AM,Draaco Aventura,18
672,Jamaica,Kingston,05/03/2023 01:56 AM,Draaco Aventura,18
714,Ecuador,Quito,09/18/2026 12:26 AM,Justin Bieber,6
756,Democratic Republic of the Congo,Kinshasa,11/18/2040 05:54 PM,Peer van Mladen,18
798,Jamaica,Kingston,07/03/2031 02:02 PM,Chris Janson,0
840,Guinea-Bissau,Bissau,11/13/2036 08:08 PM,One Direction,18
882,Pitcairn Islands,Adamstown,02/18/2025 11:08 PM,One Direction,18
924,Montserrat,Plymouth,01/18/2035 03:46 PM,One Direction,18
966,Spain,Madrid,08/08/2023 11:50 AM,One Direction,18
1008,Grenada,St. George's,01/11/2038 12:17 PM,Drake,0
1050,Luxembourg,Luxembourg,02/06/2027 04:07 PM,Drake,0
1092,Falkland Islands,Stanley,12/24/2037 11:57 AM,Drake,0
1134,South Sudan,Juba,02/21/2036 04:41 AM,Drake,0
1176,Northern Mariana Islands,Saipan,07/18/2039 05:47 AM,Carrie Underwood,18
1218,Greece,Athens,07/31/2026 08:31 PM,Carrie Underwood,18
1260,Serbia,Belgrade,02/27/2030 01:53 PM,Carrie Underwood,18
1302,Switzerland,Bern,08/17/2022 10:59 PM,Carrie Underwood,18
1344,Isle of Man,Douglas,04/02/2022 09:33 PM,Carrie Underwood,18
1386,Finland,Helsinki,03/10/2034 03:52 AM,Ed Sheeran,6
1428,Serbia,Belgrade,02/12/2037 03:42 AM,Taylor Swift,0
1470,Guam,Hagåtña,06/04/2039 03:31 PM,Taylor Swift,0
1512,Saint Lucia,Castries,06/27/2030 11:44 PM,Chris Brown,18
1554,Saint Lucia,Castries,11/23/2028 09:12 PM,Chris Brown,18
1596,Côte d'Ivoire,Yamoussoukro,08/06/2040 10:58 PM,Chris Brown,18
1638,Mozambique,Maputo,06/08/2023 09:38 AM,Chris Brown,18
1680,Vanuatu,Port Vila,05/04/2025 01:34 AM,Chris Brown,18
1722,Ireland,Dublin,11/29/2040 12:02 PM,Nicki Minaj,0
1764,Kuwait,Kuwait City,11/16/2040 10:32 AM,Nicki Minaj,0
1806,Greece,Athens,06/03/2037 05:14 AM,Fifth Harmony,18
1848,Panama,Panama City,01/17/2027 05:30 PM,Thomas Rhett ,6
1890,Hungary,Budapest,12/30/2036 12:51 PM,Thomas Rhett ,6
1932,Qatar,Doha,10/28/2030 06:33 AM,Eminem,18
1974,Iceland,Reykjavík,08/05/2030 11:59 PM,Eminem,18
2016,Kosovo,Pristina,07/18/2030 11:23 PM,Eminem,18
2058,Ascension Island,Georgetown,03/07/2032 10:39 PM,Eminem,18
2100,Peru,Lima,12/18/2035 07:20 AM,Beyoncé,0
2142,Guinea,Conakry,07/23/2035 07:07 AM,Beyoncé,0
2184,El Salvador,San Salvador,09/12/2038 02:55 AM,Twenty One Pilots,0
2226,Tajikistan,Dushanbe,04/18/2025 01:18 AM,Twenty One Pilots,0
2268,Christmas Island,Flying Fish Cove,07/26/2039 10:42 PM,5 Seconds Of Summer,6
2310,Philippines,Manila,07/27/2035 10:41 AM,5 Seconds Of Summer,6
2352,Burkina Faso,Ouagadougou,01/16/2039 05:16 PM,5 Seconds Of Summer,6
2394,Dominica,Roseau,03/11/2038 05:49 AM,Jason Aldean,0
2436,Libya,Tripoli,10/06/2036 03:36 AM,Jason Aldean,0
2478,Christmas Island,Flying Fish Cove,09/09/2038 02:52 PM,Jason Aldean,0
2520,Sudan,Khartoum,07/11/2025 03:52 PM,Luke Bryan,6
2562,Azerbaijan,Baku,11/26/2024 07:51 PM,Luke Bryan,6
2604,Palestine,Jerusalem,07/10/2034 02:30 PM,Blake Shelton,0
2646,Mexico,Mexico City,02/27/2030 09:38 AM,Blake Shelton,0
2688,Liberia,Monrovia,06/03/2032 03:47 PM,Rihanna,18
2730,Democratic Republic of the Congo,Kinshasa,07/10/2024 08:02 AM,Rihanna,18
2772,Bahamas,Nassau,11/24/2032 02:57 AM,Rihanna,18
2814,United Kingdom Northern Ireland,Belfast,05/08/2029 06:31 PM,Rihanna,18
2856,Mauritania,Nouakchott,07/25/2040 03:56 AM,Rihanna,18
2898,Georgia,Tbilisi,06/08/2027 03:52 PM,Elvis Presley,6
2940,Scotland,Edinburgh,12/27/2031 06:46 PM,Elvis Presley,6
2982,China,Beijing,08/23/2027 12:54 AM,Elvis Presley,6
3024,Italy,Rome,04/05/2024 01:54 AM,Elvis Presley,6
3066,China,Beijing,10/18/2040 05:23 AM,Elvis Presley,6
3108,Zambia,Lusaka,01/25/2034 03:21 AM,Ariana Grande,6
3150,Cayman Islands,George Town,01/15/2027 06:11 AM,Ariana Grande,6
3192,Macedonia,Skopje,04/23/2038 01:54 PM,JD Shelburne,18
3234,Qatar,Doha,04/14/2022 10:27 PM,Lil Wayne,0
3276,Vanuatu,Port Vila,04/13/2023 02:53 PM,Lil Wayne,0
3318,South Korea,Seoul,08/06/2035 06:46 AM,Lil Wayne,0
3360,Faroe Islands,Tórshavn,02/14/2032 06:07 PM,Lil Wayne,0
3402,Niger,Niamey,08/10/2033 02:22 PM,Demi Lovato,0
3444,East Timor (Timor-Leste),Dili,12/10/2029 07:45 PM,Maroon 5,6
3486,Bolivia,Sucre,03/28/2036 08:29 AM,Maroon 5,6
3528,South Sudan,Juba,09/06/2037 12:28 AM,Maroon 5,6
3570,Uganda,Kampala,09/05/2026 07:20 AM,Maroon 5,6
3612,Angola,Luanda,04/29/2028 09:33 PM,Maroon 5,6
3654,Bahrain,Manama,03/25/2040 11:51 AM,George Strait,0
3696,Sint Maarten,Philipsburg,03/25/2026 08:05 AM,George Strait,0
3738,Wales,Cardiff,11/26/2025 06:34 PM,Wiz Khalifa,18
3780,Finland,Helsinki,01/28/2028 01:47 PM,Wiz Khalifa,18
3822,Uzbekistan,Tashkent,04/02/2035 02:51 PM,Wiz Khalifa,18
3864,Sudan,Khartoum,02/11/2031 10:47 AM,Wiz Khalifa,18
3906,Singapore,Singapore,04/02/2035 04:29 PM,Miranda Lambert,6
3948,Pakistan,Islamabad,02/28/2034 08:08 PM,Miranda Lambert,6
3990,Croatia,Zagreb,11/02/2027 07:57 AM,Miranda Lambert,6
4032,Mexico,Mexico City,07/27/2036 10:49 AM,Katy Perry,18
4074,Bulgaria,Sofia,04/03/2025 11:36 AM,Katy Perry,18
4116,Belize,Belmopan,10/09/2033 06:55 PM,Katy Perry,18
4158,Laos,Vientiane,09/11/2034 11:06 AM,Katy Perry,18
4200,Papua New Guinea,Port Moresby,07/31/2024 10:16 PM,Miley Cyrus,6
4242,Vatican City,Vatican City,07/12/2024 01:08 AM,Miley Cyrus,6
4284,Sri Lanka,Sri Jayawardenapura Kotte,03/18/2031 08:01 AM,Tim McGraw,6
4326,Panama,Panama City,08/04/2030 08:09 PM,The Weeknd,6
4368,Uganda,Kampala,10/17/2037 03:08 AM,Macklemore & Ryan Lewis,6
4410,Lebanon,Beirut,05/29/2032 12:37 AM,Macklemore & Ryan Lewis,6
4452,Nicaragua,Managua,11/18/2029 02:06 PM,Ellie Goulding,18
4494,Botswana,Gaborone,01/31/2022 08:21 AM,Michael Jackson,6
4536,South Georgia and the South Sandwich Islands,Grytviken,10/23/2039 11:59 AM,Michael Jackson,6
4578,Madagascar,Antananarivo,01/18/2029 11:07 AM,Rascal Flatts,6
4620,Kiribati,Tarawa,06/26/2036 11:31 PM,Britney Spears,18
4662,Azerbaijan,Baku,02/28/2040 04:06 PM,Britney Spears,18
4704,Cambodia,Phnom Penh,08/02/2034 02:02 PM,Britney Spears,18
4746,Lesotho,Maseru,05/02/2032 06:25 AM,Britney Spears,18
4788,Kyrgyzstan,Bishkek,09/26/2039 01:58 PM,Britney Spears,18
4830,Laos,Vientiane,02/25/2024 12:29 PM,Zac Brown Band,18
4872,Azerbaijan,Baku,09/22/2034 08:37 PM,Hearty2Raw,0
4914,Samoa,Apia,02/26/2040 07:02 PM,Hearty2Raw,0
4956,South Ossetia,Tskhinvali,11/19/2027 02:35 AM,Hearty2Raw,0
4998,Niue,Alofi,09/22/2036 11:31 PM,Future,18
5040,Ireland,Dublin,09/22/2034 10:36 PM,Future,18
5082,Vietnam,Hanoi,04/03/2022 08:01 AM,Future,18
5124,Mexico,Mexico City,03/27/2038 09:30 AM,Future,18
5166,Peru,Lima,07/01/2027 04:50 AM,Future,18
5208,Vatican City,Vatican City,01/27/2022 10:02 AM,Lady Antebellum,6
5250,Latvia,Riga,09/11/2024 08:12 PM,Janet Jackson,18
5292,Vatican City,Vatican City,11/07/2027 09:11 PM,Janet Jackson,18
5334,Monaco,Monaco,06/04/2038 09:10 AM,Keith Urban,18
5376,Pakistan,Islamabad,04/12/2031 11:19 PM,Keith Urban,18
5418,Republic of the Congo,Brazzaville,12/16/2040 04:30 AM,Keith Urban,18
5460,Singapore,Singapore,05/30/2040 04:15 PM,Keith Urban,18
5502,Iraq,Baghdad,08/25/2025 11:38 AM,Keith Urban,18
5544,South Georgia and the South Sandwich Islands,Grytviken,11/13/2033 08:04 AM,Tori Kelly,6
5586,Bosnia and Herzegovina,Sarajevo,09/01/2025 11:53 AM,2Pac,6
5628,Saint Helena,Jamestown,07/31/2035 10:12 AM,Ciara,6
5670,Côte d'Ivoire,Yamoussoukro,02/06/2035 06:25 PM,Ciara,6
5712,South Georgia and the South Sandwich Islands,Grytviken,10/05/2028 05:14 AM,Ciara,6
5754,Laos,Vientiane,04/26/2037 12:47 AM,Ciara,6
5796,Sri Lanka,Sri Jayawardenapura Kotte,08/23/2022 06:24 PM,Old Dominion,0
5838,Poland,Warsaw,03/05/2039 02:09 AM,Old Dominion,0
5880,Guatemala,Guatemala City,01/02/2029 01:50 PM,Randy Houser,18
5922,South Georgia and the South Sandwich Islands,Grytviken,12/17/2024 06:16 PM,Randy Houser,18
5964,Saint Barthélemy,Gustavia,04/13/2025 07:23 PM,Randy Houser,18
6006,Maldives,Malé,10/19/2023 01:52 AM,Eric Church,0
6048,China,Beijing,04/21/2023 09:15 AM,Eric Church,0
6090,Singapore,Singapore,09/08/2023 11:26 PM,Shakira,18
6132,Libya,Tripoli,11/22/2025 12:43 AM,Little Big Town,18
6174,Honduras,Tegucigalpa,08/16/2022 04:21 PM,Little Big Town,18
6216,Saint Pierre and Miquelon,St. Pierre,06/07/2024 05:29 AM,Little Big Town,18
6258,Namibia,Windhoek,03/03/2039 08:43 AM,Rick Ross,18
6300,Central African Republic,Bangui,11/14/2031 05:32 PM,Rick Ross,18
6342,Finland,Helsinki,03/02/2035 06:35 AM,Toby Keith,18
6384,Nagorno-Karabakh Republic,Stepanakert,11/16/2039 06:51 AM,Toby Keith,18
6426,South Ossetia,Tskhinvali,06/18/2028 03:51 AM,Toby Keith,18
6468,Angola,Luanda,12/20/2024 06:31 PM,Toby Keith,18
6510,Honduras,Tegucigalpa,04/25/2024 11:40 PM,Brian Collins,6
6552,Easter Island,Hanga Roa,04/05/2036 06:50 AM,Brian Collins,6
6594,Sweden,Stockholm,06/27/2038 06:06 AM,Brian Collins,6
6636,Kyrgyzstan,Bishkek,06/19/2029 10:48 PM,Brian Collins,6
6678,Laos,Vientiane,07/06/2040 08:35 AM,Sia,6
6720,Faroe Islands,Tórshavn,06/04/2040 08:25 AM,Sia,6
6762,Chad,N'Djamena,04/25/2029 08:52 AM,Sia,6
6804,Pakistan,Islamabad,02/24/2028 12:25 PM,Dixie Chicks,18
6846,Montserrat,Plymouth,01/19/2025 05:31 PM,Dixie Chicks,18
6888,Guinea-Bissau,Bissau,03/28/2028 06:24 PM,Dixie Chicks,18
6930,Sint Maarten,Philipsburg,08/13/2032 07:47 AM,Kanye West,6
6972,Papua New Guinea,Port Moresby,10/27/2035 07:17 AM,Kanye West,6
7014,Chile,Santiago,03/02/2033 09:00 PM,Kanye West,6
7056,Saudi Arabia,Riyadh,08/28/2029 06:32 PM,Shania Twain,18
7098,Greece,Athens,08/15/2039 01:27 AM,Enrique Iglesias,6
7140,United States,"Washington, D.C.",07/29/2025 08:09 AM,Enrique Iglesias,6
7182,Slovakia,Bratislava,04/16/2029 10:34 AM,Enrique Iglesias,6
7224,Cocos (Keeling) Islands,West Island,09/30/2023 09:22 AM,Enrique Iglesias,6
7266,Zimbabwe,Harare,11/24/2025 02:38 PM,Enrique Iglesias,6
7308,Zimbabwe,Harare,09/13/2029 05:24 PM,Kellie Pickler,0
7350,São Tomé and Príncipe,São Tomé,10/21/2040 11:13 AM,Kellie Pickler,0
7392,Montenegro,Podgorica,08/19/2036 09:56 AM,Kelsea Ballerini,18
7434,Liechtenstein,Vaduz,09/12/2040 08:35 PM,Kelsea Ballerini,18
7476,Gambia,Banjul,09/22/2037 09:16 PM,Kelsea Ballerini,18
7518,Denmark,Copenhagen,04/12/2032 01:59 AM,Lana Del Rey,0
7560,Tuvalu,Funafuti,08/13/2032 11:58 PM,Freddie Mercury,6
7602,Iceland,Reykjavík,02/06/2027 09:36 AM,Freddie Mercury,6
7644,Eritrea,Asmara,04/07/2035 03:50 PM,Freddie Mercury,6
7686,Tunisia,Tunis,09/07/2028 08:16 PM,Freddie Mercury,6
7728,Belgium,Brussels,07/02/2035 12:26 AM,Martin Garrix,0
7770,Akrotiri and Dhekelia,Episkopi Cantonment,03/21/2031 03:14 AM,Martin Garrix,0
7812,Latvia,Riga,10/31/2037 12:48 AM,Martin Garrix,0
7854,Estonia,Tallinn,10/17/2031 07:31 PM,Martin Garrix,0
7896,Ecuador,Quito,05/24/2036 12:31 AM,Brett Eldredge,6
7938,Haiti,Port-au-Prince,02/10/2033 10:41 PM,Brett Eldredge,6
7980,Ireland,Dublin,06/27/2027 08:12 PM,Brett Eldredge,6
8022,Solomon Islands,Honiara,04/10/2034 03:04 AM,Brett Eldredge,6
8064,Lebanon,Beirut,08/29/2026 06:36 AM,Brett Eldredge,6
8106,Ukraine,Kiev,06/18/2026 12:08 PM,Trey Songz,6
8148,Cook Islands,Avarua,10/22/2032 12:30 PM,Trey Songz,6
8190,Western Sahara,El Aaiún,10/07/2028 02:43 PM,Trey Songz,6
8232,Jersey,St. Helier,08/31/2028 08:59 AM,Mariah Carey,18
8274,Pakistan,Islamabad,08/20/2039 01:34 AM,Mariah Carey,18
8316,Kosovo,Pristina,11/30/2028 12:05 PM,Jennifer Lopez,0
8358,Somalia,Mogadishu,12/22/2025 03:17 AM,Jennifer Lopez,0
8400,Montserrat,Plymouth,02/04/2030 07:34 AM,Shawn Mendes,6
8442,Panama,Panama City,09/21/2028 09:07 AM,Shawn Mendes,6
8484,Italy,Rome,05/17/2035 06:30 AM,Shawn Mendes,6
8526,Senegal,Dakar,03/15/2030 08:52 PM,Shawn Mendes,6
8568,Philippines,Manila,09/04/2032 09:52 PM,Shawn Mendes,6
8610,Canada,Ottawa,09/30/2040 10:48 AM,Halsey,0
8652,Libya,Tripoli,06/27/2028 08:38 AM,Halsey,0
8694,Bulgaria,Sofia,11/10/2029 09:54 AM,Halsey,0
8736,Akrotiri and Dhekelia,Episkopi Cantonment,09/07/2024 06:14 AM,Halsey,0
8778,Kiribati,Tarawa,12/19/2032 09:07 AM,Kurt Stevens,0
8820,China,Beijing,02/03/2038 05:17 PM,Kurt Stevens,0
8862,Brunei,Bandar Seri Begawan,05/29/2031 03:46 AM,R. Kelly,0
8904,El Salvador,San Salvador,07/26/2026 02:19 PM,R. Kelly,0
8946,Mali,Bamako,02/22/2032 05:51 PM,R. Kelly,0
8988,Monaco,Monaco,12/17/2027 03:22 AM,R. Kelly,0
9030,China,Beijing,10/04/2026 12:57 PM,R. Kelly,0
9072,Vietnam,Hanoi,11/10/2025 02:05 PM,50 Cent,6
9114,Romania,Bucharest,07/24/2025 02:53 PM,50 Cent,6
9156,Ireland,Dublin,08/22/2028 05:05 AM,50 Cent,6
9198,Turkmenistan,Ashgabat,06/11/2024 10:04 PM,50 Cent,6
9240,South Korea,Seoul,11/27/2022 05:11 PM,Kenny Chesney,0
9282,North Korea,Pyongyang,01/18/2038 03:19 PM,Kenny Chesney,0
9324,Turks and Caicos Islands,Cockburn Town,03/22/2035 08:01 PM,Linkin Park,0
9366,Mexico,Mexico City,09/19/2024 08:26 AM,Linkin Park,0
9408,Latvia,Riga,07/05/2031 12:12 PM,Linkin Park,0
9450,Brunei,Bandar Seri Begawan,12/07/2028 02:53 AM,Linkin Park,0
9492,South Korea,Seoul,09/29/2026 02:46 PM,Akon,6
9534,Croatia,Zagreb,11/01/2030 05:01 PM,Akon,6
9576,Suriname,Paramaribo,08/07/2023 05:37 PM,Akon,6
9618,Côte d'Ivoire,Yamoussoukro,04/21/2040 01:44 AM,Akon,6
9660,Palestine,Jerusalem,02/20/2038 05:25 PM,Avenged Sevenfold,0
9702,Northern Cyprus,Nicosia,01/31/2022 10:44 AM,Avenged Sevenfold,0
9744,Moldova,Chisinau,04/18/2031 04:49 AM,Avenged Sevenfold,0
9786,United Arab Emirates,Abu Dhabi,05/07/2026 02:29 PM,John Legend,0
9828,Sint Maarten,Philipsburg,09/17/2026 04:49 AM,John Legend,0
9870,Republic of China (Taiwan),Taipei,11/24/2035 10:12 PM,John Legend,0
9912,North Korea,Pyongyang,11/15/2023 04:13 PM,John Legend,0
9954,Bahamas,Nassau,01/17/2023 01:20 AM,Cole Swindell,6
9996,New Caledonia,Nouméa,01/15/2028 02:10 AM,Cole Swindell,6
10038,Mali,Bamako,05/25/2034 08:38 AM,Cole Swindell,6
10080,Grenada,St. George's,10/08/2027 02:57 AM,Cole Swindell,6
10122,Turks and Caicos Islands,Cockburn Town,04/09/2023 01:37 PM,Jewel,0
10164,Eritrea,Asmara,03/13/2026 08:18 AM,Jewel,0
10206,Angola,Luanda,08/21/2024 08:59 AM,Jewel,0
10248,Israel,Jerusalem,08/13/2022 08:22 PM,Jewel,0
10290,Portugal,Lisbon,10/29/2031 09:02 AM,Chris Young,0
10332,Norfolk Island,Kingston,03/18/2038 01:11 AM,Hunter Hayes,0
10374,Bahrain,Manama,05/09/2032 02:39 AM,Hunter Hayes,0
10416,Jordan,Amman,07/29/2030 02:22 PM,Hunter Hayes,0
10458,Republic of China (Taiwan),Taipei,02/02/2028 08:39 AM,Hunter Hayes,0
10500,Somalia,Mogadishu,05/07/2031 01:00 AM,Canaan Smith,6
10542,Somaliland,Hargeisa,03/21/2030 06:42 AM,Canaan Smith,6
10584,Thailand,Bangkok,01/07/2036 07:12 AM,Canaan Smith,6
10626,Singapore,Singapore,06/10/2028 01:53 AM,Canaan Smith,6
10668,Burundi,Bujumbura,04/20/2032 08:40 AM,Madonna,6
10710,Estonia,Tallinn,06/15/2025 03:09 AM,Madonna,6
10752,British Virgin Islands,Road Town,03/12/2028 10:21 AM,Madonna,6
10794,Haiti,Port-au-Prince,01/15/2028 10:53 AM,Madonna,6
10836,Western Sahara,El Aaiún,04/22/2024 04:54 AM,Albert Phillips,6
10878,Saint Barthélemy,Gustavia,08/11/2033 02:06 PM,Albert Phillips,6
10920,Ukraine,Kiev,10/16/2038 04:35 PM,Albert Phillips,6
10962,Chad,N'Djamena,11/17/2025 08:33 PM,Coldplay,6
11004,Rwanda,Kigali,08/28/2040 02:34 AM,Coldplay,6
11046,United Kingdom Northern Ireland,Belfast,06/27/2032 09:21 AM,Coldplay,6
11088,South Georgia and the South Sandwich Islands,Grytviken,08/27/2027 12:14 PM,Coldplay,6
11130,Nagorno-Karabakh Republic,Stepanakert,07/12/2033 04:25 AM,Jay Z,0
11172,Jordan,Amman,08/03/2038 10:21 AM,Jay Z,0
11214,French Guiana,Cayenne,10/19/2036 06:32 AM,Jay Z,0
11256,Mauritania,Nouakchott,02/01/2036 05:05 PM,Lady Gaga,0
11298,Zambia,Lusaka,02/12/2036 05:35 PM,Lady Gaga,0
11340,British Virgin Islands,Road Town,09/08/2030 11:06 PM,Lady Gaga,0
11382,Belize,Belmopan,11/22/2039 05:25 PM,Iggy Azalea,6
11424,Ukraine,Kiev,01/17/2038 01:29 AM,Iggy Azalea,6
11466,Western Sahara,El Aaiún,02/04/2040 11:13 AM,Iggy Azalea,6
11508,Oman,Muscat,06/23/2027 08:00 AM,Iggy Azalea,6
11550,Nicaragua,Managua,02/05/2040 12:11 PM,Chase Rice,18
11592,Ireland,Dublin,07/31/2038 01:18 PM,Danielle Bradbery,0
11634,Tanzania,Dodoma,01/16/2034 01:56 AM,Danielle Bradbery,0
11676,Lebanon,Beirut,02/14/2031 10:47 AM,Danielle Bradbery,0
11718,Lesotho,Maseru,09/04/2038 03:17 AM,Dustin Lynch,18
11760,Turkey,Ankara,08/05/2037 05:03 PM,Dustin Lynch,18
11802,India,New Delhi,01/29/2028 02:59 AM,Dustin Lynch,18
11844,Bosnia and Herzegovina,Sarajevo,04/15/2032 05:39 AM,Dustin Lynch,18
11886,Chad,N'Djamena,02/15/2030 10:56 AM,Kacey Musgraves,6
11928,Spain,Madrid,05/10/2034 12:50 AM,Kacey Musgraves,6
11970,United Kingdom; England,London,06/17/2023 08:18 PM,Kacey Musgraves,6
12012,Cuba,Havana,01/14/2029 06:07 AM,Kacey Musgraves,6
12054,Romania,Bucharest,09/24/2036 03:15 AM,Alan Jackson,0
12096,Comoros,Moroni,07/21/2033 10:28 PM,Backstreet Boys,0
12138,Tanzania,Dodoma,06/09/2022 12:54 PM,The Vamps,6
12180,Bahrain,Manama,09/15/2025 08:19 PM,The Vamps,6
12222,Latvia,Riga,07/17/2023 05:56 PM,Kendrick Lamar,6
12264,Cyprus,Nicosia,09/01/2035 09:53 PM,Becky G,18
12306,Wales,Cardiff,12/05/2040 08:53 PM,Becky G,18
12348,Bolivia,Sucre,05/29/2030 04:03 PM,Becky G,18
12390,Switzerland,Bern,10/29/2024 10:36 AM,Becky G,18
12432,Bolivia,La Paz,03/16/2038 06:27 PM,Josh Turner,0
12474,Australia,Canberra,08/11/2036 01:29 AM,Brad Paisley,0
12516,Nauru,Yaren,06/30/2022 09:00 AM,Brad Paisley,0
12558,Montserrat,Plymouth,11/21/2027 08:34 AM,Brad Paisley,0
12600,North Korea,Pyongyang,01/08/2032 06:20 PM,Brad Paisley,0
12642,Paraguay,Asunción,07/25/2022 08:29 PM,Gwen Stefani,18
12684,Wallis and Futuna,Mata-Utu,12/22/2033 06:15 AM,Mikel Knight,18
12726,Western Sahara,El Aaiún,08/16/2022 10:58 AM,Mikel Knight,18
12768,Kosovo,Pristina,08/19/2033 04:56 PM,Mikel Knight,18
12810,South Georgia and the South Sandwich Islands,Grytviken,05/02/2034 08:39 PM,Mikel Knight,18
12852,Honduras,Tegucigalpa,11/14/2027 10:15 AM,Mikel Knight,18
12894,Kosovo,Pristina,09/11/2028 12:58 AM,Rachel Platten,18
12936,San Marino,San Marino,12/10/2025 02:12 AM,Rachel Platten,18
12978,Bhutan,Thimphu,09/29/2032 08:40 AM,Rachel Platten,18
13020,Guernsey,St. Peter Port,10/03/2022 09:39 AM,Reba McEntire,6
13062,Thailand,Bangkok,02/27/2026 10:32 AM,Reba McEntire,6
13104,South Ossetia,Tskhinvali,06/22/2027 07:15 PM,Reba McEntire,6
13146,Saint Vincent and the Grenadines,Kingstown,04/13/2036 02:51 PM,Reba McEntire,6
13188,Zambia,Lusaka,06/02/2023 05:55 PM,Darius Rucker,18
13230,Easter Island,Hanga Roa,07/01/2027 06:13 PM,Darius Rucker,18
13272,Côte d'Ivoire,Yamoussoukro,10/14/2029 07:51 PM,Darius Rucker,18
13314,French Polynesia,Papeete,06/15/2032 03:11 AM,Darius Rucker,18
13356,Lithuania,Vilnius,02/26/2025 11:09 PM,Darius Rucker,18
13398,Belgium,Brussels,05/25/2036 09:22 AM,Florida Georgia Line,0
13440,Liechtenstein,Vaduz,06/12/2025 10:59 PM,Florida Georgia Line,0
13482,Italy,Rome,01/18/2030 02:24 AM,Florida Georgia Line,0
13524,Saudi Arabia,Riyadh,07/17/2026 05:41 PM,Florida Georgia Line,0
13566,Fiji,Suva,12/27/2039 03:41 PM,Barbra Streisand,6
13608,Poland,Warsaw,07/10/2026 06:51 PM,Barbra Streisand,6
13650,Tanzania,Dodoma,03/01/2023 05:43 PM,Barbra Streisand,6
13692,Iceland,Reykjavík,12/01/2023 11:42 PM,Barbra Streisand,6
13734,Myanmar,Naypyidaw,05/12/2023 11:38 AM,Fall Out Boy,6
13776,Pakistan,Islamabad,01/11/2039 06:56 AM,K. Michelle,0
13818,Niger,Niamey,06/13/2038 06:39 PM,BLACKBEAR,6
13860,Faroe Islands,Tórshavn,02/05/2022 10:10 PM,BLACKBEAR,6
13902,Dominican Republic,Santo Domingo,02/01/2035 08:55 PM,BLACKBEAR,6
13944,Solomon Islands,Honiara,01/01/2033 09:08 PM,Calvin Harris,0
13986,Argentina,Buenos Aires,09/23/2035 11:36 AM,Calvin Harris,0
14028,Kiribati,Tarawa,06/12/2023 09:59 AM,Calvin Harris,0
14070,Guernsey,St. Peter Port,03/17/2027 12:04 AM,Jana Kramer,0
14112,Palestine,Jerusalem,04/01/2026 11:15 AM,Jana Kramer,0
14154,Marshall Islands,Majuro,12/30/2040 01:29 AM,Kenny Rogers,0
14196,Albania,Tirana,08/08/2031 08:53 AM,Kenny Rogers,0
14238,Papua New Guinea,Port Moresby,03/23/2039 03:22 AM,Rita Ora,6
14280,Oman,Muscat,08/19/2025 03:38 AM,Rita Ora,6
14322,Romania,Bucharest,09/22/2039 12:30 PM,Rita Ora,6
14364,Bulgaria,Sofia,06/05/2039 09:00 PM,Rita Ora,6
14406,Republic of the Congo,Brazzaville,02/05/2023 09:50 PM,Rita Ora,6
14448,Gambia,Banjul,08/14/2027 12:25 PM,TLC,0
14490,Kiribati,Tarawa,03/13/2037 02:13 PM,TLC,0
14532,South Georgia and the South Sandwich Islands,Grytviken,05/13/2035 10:19 AM,TLC,0
14574,Transnistria,Tiraspol,12/03/2031 01:32 PM,TLC,0
14616,Vatican City,Vatican City,05/23/2039 11:45 AM,TLC,0
14658,Israel,Jerusalem,02/11/2034 12:27 AM,Aaliyah,0
14700,Western Sahara,El Aaiún,02/17/2037 10:14 AM,Kirk Franklin,6
14742,Transnistria,Tiraspol,09/18/2031 11:45 PM,Kirk Franklin,6
14784,United States,"Washington, D.C.",11/18/2036 06:34 PM,Kid Rock,6
14826,Kuwait,Kuwait City,04/22/2031 09:42 PM,Skrillex,6
14868,Norfolk Island,Kingston,10/15/2030 05:41 PM,Skrillex,6
14910,Guyana,Georgetown,10/24/2033 08:42 PM,Skrillex,6
14952,Tanzania,Dodoma,03/23/2037 12:21 PM,Skrillex,6
14994,Tristan da Cunha,Edinburgh of the Seven Seas,12/12/2022 11:34 PM,Ed Roman,18
15036,Lithuania,Vilnius,10/23/2036 01:49 PM,Ed Roman,18
15078,Colombia,Bogotá,10/28/2031 07:09 AM,Ed Roman,18
15120,Kuwait,Kuwait City,09/01/2039 04:59 PM,Don Williams,6
15162,French Guiana,Cayenne,10/24/2024 01:24 AM,Don Williams,6
15204,Ecuador,Quito,05/13/2031 03:03 PM,Don Williams,6
15246,Dominican Republic,Santo Domingo,02/19/2038 03:12 PM,Lonestar,6
15288,Turkey,Ankara,12/26/2027 01:53 AM,Lonestar,6
15330,Russia,Moscow,05/13/2037 02:51 PM,Lonestar,6
15372,El Salvador,San Salvador,04/03/2029 03:07 PM,Nelly,18
15414,Aruba,Oranjestad,08/09/2023 01:17 PM,Nelly,18
15456,Isle of Man,Douglas,06/24/2024 07:24 PM,Nelly,18
15498,Brazil,Brasília,06/21/2025 06:28 AM,Nelly,18
15540,Canada,Ottawa,08/21/2025 03:18 PM,Nelly,18
15582,Norway,Oslo,07/26/2026 04:15 PM,Willie Nelson,6
15624,Ethiopia,Addis Ababa,04/21/2036 02:32 AM,Charli XCX,18
15666,Palau,Ngerulmud,10/10/2038 06:32 AM,Charli XCX,18
15708,Nicaragua,Managua,08/09/2038 02:41 PM,Charli XCX,18
15750,Saint Helena,Jamestown,11/23/2025 05:30 AM,X Ambassadors,0
15792,Comoros,Moroni,07/08/2039 08:16 PM,X Ambassadors,0
15834,Malta,Valletta,09/27/2031 02:32 AM,X Ambassadors,0
15876,Vietnam,Hanoi,08/03/2036 06:32 PM,X Ambassadors,0
15918,Federated States of Micronesia,Palikir,04/28/2037 12:58 PM,Jessie J,18
15960,Djibouti,Djibouti,06/16/2040 05:11 PM,Westlife,0
16002,Tunisia,Tunis,09/28/2033 04:50 PM,Westlife,0
16044,Gambia,Banjul,06/18/2027 05:31 AM,Tinashe,18
16086,Anguilla,The Valley,05/16/2023 04:59 PM,Tinashe,18
16128,Ascension Island,Georgetown,05/14/2026 11:52 AM,Tinashe,18
16170,Montserrat,Plymouth,11/18/2029 07:14 AM,Tinashe,18
16212,Saint Barthélemy,Gustavia,11/27/2023 03:42 PM,Tinashe,18
16254,Northern Mariana Islands,Saipan,04/03/2022 04:40 PM,DMX,18
16296,Nicaragua,Managua,04/15/2036 03:48 PM,Meek Mill,0
16338,Somaliland,Hargeisa,04/26/2039 08:37 PM,Meek Mill,0
16380,Montenegro,Podgorica,10/14/2029 10:45 PM,Usher,6
16422,Senegal,Dakar,01/27/2039 02:34 PM,Usher,6
16464,Niue,Alofi,06/09/2033 10:00 AM,Usher,6
16506,Bolivia,Sucre,10/05/2032 05:54 PM,Usher,6
16548,Japan,Tokyo,09/19/2023 09:14 AM,Usher,6
16590,Northern Mariana Islands,Saipan,07/12/2023 01:20 AM,Dolly Parton,18
16632,Rwanda,Kigali,08/09/2029 06:51 PM,Dolly Parton,18
16674,British Virgin Islands,Road Town,05/15/2027 03:51 PM,Dolly Parton,18
16716,Gibraltar,Gibraltar,03/16/2022 02:13 AM,Foo Fighters,0
16758,Israel,Jerusalem,07/23/2031 05:41 PM,Foo Fighters,0
16800,Falkland Islands,Stanley,06/18/2037 03:25 PM,Foo Fighters,0
16842,Belize,Belmopan,02/25/2022 07:23 AM,Foo Fighters,0
16884,Czech Republic,Prague,06/13/2035 04:06 PM,Foo Fighters,0
16926,Haiti,Port-au-Prince,10/17/2040 02:37 PM,Mark Wills,0
16968,Western Sahara,El Aaiún,04/24/2022 10:18 PM,Mark Wills,0
17010,Samoa,Apia,04/01/2023 12:15 PM,Mark Wills,0
17052,Tristan da Cunha,Edinburgh of the Seven Seas,06/14/2024 01:57 AM,Pentatonix,0
17094,Trinidad and Tobago,Port of Spain,08/02/2033 10:45 AM,Pentatonix,0
17136,North Korea,Pyongyang,05/31/2024 07:37 PM,Flo Rida,6
17178,South Africa,Pretoria,03/24/2040 02:09 PM,Flo Rida,6
17220,Malta,Valletta,10/10/2032 10:00 PM,Flo Rida,6
17262,Ecuador,Quito,10/31/2024 11:59 PM,Flo Rida,6
17304,Georgia,Tbilisi,01/06/2023 04:49 AM,Flo Rida,6
17346,Italy,Rome,03/15/2029 12:38 PM,Whitney Houston,6
17388,Transnistria,Tiraspol,06/25/2029 01:36 AM,Whitney Houston,6
17430,Germany,Berlin,07/19/2032 03:28 PM,Avril Lavigne,0
17472,Chile,Santiago,08/30/2026 11:16 PM,Avril Lavigne,0
17514,Brunei,Bandar Seri Begawan,08/21/2035 01:16 AM,Pharrell Williams,0
17556,Pakistan,Islamabad,03/09/2025 10:05 AM,Dwight Yoakam,6
17598,Paraguay,Asunción,04/30/2036 11:23 PM,Dwight Yoakam,6
17640,Benin,Porto-Novo,08/13/2036 10:48 PM,Dwight Yoakam,6
17682,Samoa,Apia,12/08/2031 05:04 AM,Dwight Yoakam,6
17724,United States,"Washington, D.C.",06/25/2023 11:15 PM,Dwight Yoakam,6
17766,Kazakhstan,Astana,12/01/2022 01:16 PM,Lee Brice,6
17808,Liberia,Monrovia,11/17/2022 05:40 AM,Barbara Mandrell,18
17850,New Zealand,Wellington,02/18/2035 11:44 PM,Barbara Mandrell,18
17892,Yemen,Sanaá,10/09/2032 11:06 PM,YonnieMcfly,0
17934,Northern Mariana Islands,Saipan,07/16/2026 09:56 PM,YonnieMcfly,0
17976,Uzbekistan,Tashkent,10/08/2022 10:29 AM,YonnieMcfly,0
18018,Afghanistan,Kabul,08/21/2026 09:58 AM,YonnieMcfly,0
18060,Portugal,Lisbon,01/30/2040 09:20 PM,Johnny Cash,6
18102,Bahamas,Nassau,11/13/2023 05:35 AM,Johnny Cash,6
18144,Namibia,Windhoek,10/30/2031 05:06 PM,Johnny Cash,6
18186,Morocco,Rabat,12/25/2033 06:54 PM,Johnny Cash,6
18228,Fiji,Suva,08/20/2026 10:30 AM,Johnny Cash,6
18270,Palestine,Jerusalem,07/27/2030 02:02 AM,Vince Gill,6
18312,Guam,Hagåtña,06/14/2034 08:44 PM,Vince Gill,6
18354,Marshall Islands,Majuro,02/18/2040 08:29 AM,Vince Gill,6
18396,Burundi,Bujumbura,01/19/2034 09:15 PM,Vince Gill,6
18438,Iraq,Baghdad,10/06/2040 04:37 PM,Imagine Dragons,6
18480,Fiji,Suva,12/15/2033 08:02 PM,Imagine Dragons,6
18522,Luxembourg,Luxembourg,10/15/2027 08:38 PM,Jake Owen,18
18564,Azerbaijan,Baku,06/04/2032 06:02 PM,Martina McBride,0
18606,Kosovo,Pristina,02/08/2034 01:59 PM,Colt Ford,18
18648,Sudan,Khartoum,10/23/2022 03:02 PM,Colt Ford,18
18690,Moldova,Chisinau,11/20/2027 04:48 PM,Colt Ford,18
18732,Comoros,Moroni,10/01/2040 10:33 AM,Colt Ford,18
18774,Syria,Damascus,10/08/2022 01:45 PM,Dierks Bentley,6
18816,Malawi,Lilongwe,03/15/2023 02:46 AM,Guns N' Roses,6
18858,Togo,Lomé,01/12/2028 01:00 AM,Guns N' Roses,6
18900,Germany,Berlin,10/18/2039 08:44 AM,Guns N' Roses,6
18942,India,New Delhi,01/19/2022 05:26 PM,Guns N' Roses,6
18984,Sri Lanka,Sri Jayawardenapura Kotte,01/14/2035 06:20 AM,Justin Timberlake,18
19026,Guam,Hagåtña,01/30/2040 10:52 AM,Kelly Clarkson,0
19068,Belarus,Minsk,06/07/2022 07:09 PM,Kelly Clarkson,0
19110,Bahamas,Nassau,11/14/2025 12:15 PM,Metallica,6
19152,Philippines,Manila,03/28/2033 12:50 PM,Metallica,6
19194,Portugal,Lisbon,08/20/2034 06:35 AM,Metallica,6
19236,Sudan,Khartoum,12/27/2028 04:21 AM,Metallica,6
19278,Morocco,Rabat,10/08/2030 05:06 PM,Scotty McCreery,18
19320,Canada,Ottawa,09/13/2025 04:53 AM,Scotty McCreery,18
19362,Akrotiri and Dhekelia,Episkopi Cantonment,06/18/2033 12:54 AM,Scotty McCreery,18
19404,United States Virgin Islands,Charlotte Amalie,11/28/2029 08:06 PM,Scotty McCreery,18
19446,Palau,Ngerulmud,12/26/2022 08:25 PM,Merle Haggard,18
19488,Mauritius,Port Louis,10/17/2038 05:14 PM,Merle Haggard,18
19530,Uzbekistan,Tashkent,01/08/2031 02:12 AM,Merle Haggard,18
19572,Turkey,Ankara,03/16/2023 07:34 PM,Alessia Cara,6
19614,Jamaica,Kingston,03/29/2026 03:50 AM,A Thousand Horses,0
19656,Guernsey,St. Peter Port,04/27/2027 02:17 AM,A Thousand Horses,0
19698,Argentina,Buenos Aires,11/04/2031 10:57 AM,Brooks & Dunn,18
19740,Belgium,Brussels,05/28/2035 05:34 AM,Brooks & Dunn,18
19782,Indonesia,Jakarta,08/01/2034 12:10 PM,Brooks & Dunn,18
19824,Wallis and Futuna,Mata-Utu,03/25/2027 02:20 PM,Elle King,18
19866,New Zealand,Wellington,05/17/2036 12:06 AM,Elle King,18
19908,Suriname,Paramaribo,06/14/2028 10:06 AM,Elle King,18
19950,Belize,Belmopan,04/24/2027 09:13 AM,Elle King,18
19992,Bolivia,La Paz,09/19/2026 01:26 PM,Elle King,18
20034,Czech Republic,Prague,08/04/2036 07:37 AM,Rod Stewart,18
20076,Tanzania,Dodoma,06/04/2027 09:47 AM,The Cadillac Three,0
20118,Vietnam,Hanoi,05/24/2029 03:36 AM,The Cadillac Three,0
20160,Slovenia,Ljubljana,03/29/2029 07:22 AM,The Cadillac Three,0
20202,Turkey,Ankara,04/20/2025 08:26 PM,The Cadillac Three,0
20244,Greenland,Nuuk,04/21/2030 10:27 AM,Jacob Whitesides,0
20286,Anguilla,The Valley,02/17/2032 12:38 PM,Jacob Whitesides,0
20328,São Tomé and Príncipe,São Tomé,05/10/2026 02:44 AM,Ja Rule,18
20370,East Timor (Timor-Leste),Dili,08/07/2037 06:10 PM,Ja Rule,18
20412,Vanuatu,Port Vila,01/24/2039 07:33 AM,Ja Rule,18
20454,Bosnia and Herzegovina,Sarajevo,01/26/2030 04:21 PM,Lauren Alaina,18
20496,Wallis and Futuna,Mata-Utu,05/17/2032 01:34 AM,Lauren Alaina,18
20538,Cambodia,Phnom Penh,12/15/2036 06:03 PM,Lauren Alaina,18
20580,Scotland,Edinburgh,04/13/2027 06:08 PM,Lauren Alaina,18
20622,Mongolia,Ulaanbaatar,03/24/2033 12:12 AM,Marc Anthony,0
20664,Vietnam,Hanoi,10/06/2030 06:31 PM,Marc Anthony,0
20706,Honduras,Tegucigalpa,01/09/2032 12:41 AM,Marc Anthony,0
20748,Somalia,Mogadishu,03/07/2024 03:59 AM,Marc Anthony,0
20790,Vanuatu,Port Vila,10/14/2029 11:56 AM,Marc Anthony,0
20832,Papua New Guinea,Port Moresby,04/25/2039 03:22 AM,Tyler Farr,0
20874,Mozambique,Maputo,10/21/2029 12:36 AM,Tyler Farr,0
20916,Argentina,Buenos Aires,04/13/2031 07:44 AM,Tyler Farr,0
20958,Bulgaria,Sofia,06/20/2040 10:22 PM,Tyler Farr,0
21000,Madagascar,Antananarivo,04/09/2035 06:32 PM,Clare Dunn,0
21042,Republic of China (Taiwan),Taipei,06/12/2036 08:06 AM,Clare Dunn,0
21084,Wallis and Futuna,Mata-Utu,12/07/2029 06:35 AM,Adam Lambert,0
21126,Netherlands,Amsterdam,03/14/2029 04:16 PM,Adam Lambert,0
21168,Belarus,Minsk,01/12/2027 06:31 AM,Adam Lambert,0
21210,Wallis and Futuna,Mata-Utu,06/07/2039 03:53 PM,Adam Lambert,0
21252,Venezuela,Caracas,03/05/2034 11:29 PM,Adam Lambert,0
21294,Djibouti,Djibouti,10/12/2032 05:53 AM,Gary Allan,0
21336,Puerto Rico,San Juan,08/31/2033 11:33 AM,Gary Allan,0
21378,Tonga,Nukuʻalofa,09/02/2025 10:56 AM,Gary Allan,0
21420,Japan,Tokyo,10/10/2039 07:57 PM,Gary Allan,0
21462,Saint Vincent and the Grenadines,Kingstown,07/27/2033 04:51 AM,Gary Allan,0
21504,Côte d'Ivoire,Yamoussoukro,02/26/2030 03:26 PM,George Jones,6
21546,Albania,Tirana,12/24/2024 12:12 AM,George Jones,6
21588,Croatia,Zagreb,05/14/2034 07:40 AM,George Jones,6
21630,Morocco,Rabat,07/09/2025 04:49 AM,Krystal Keith,18
21672,Saint Kitts and Nevis,Basseterre,05/16/2030 04:11 AM,Ray Charles,18
21714,Ethiopia,Addis Ababa,07/14/2040 12:58 AM,Ray Charles,18
21756,Argentina,Buenos Aires,04/13/2032 11:44 PM,Ray Charles,18
21798,French Guiana,Cayenne,01/04/2039 06:32 AM,Ray Charles,18
21840,Bahrain,Manama,09/04/2023 03:34 PM,Red Hot Chili Peppers,6
21882,Bahamas,Nassau,12/31/2039 10:36 PM,The Oak Ridge Boys,0
21924,Colombia,Bogotá,11/05/2023 08:17 AM,The Oak Ridge Boys,0
21966,Poland,Warsaw,11/18/2030 07:04 AM,The Oak Ridge Boys,0
22008,Switzerland,Bern,08/30/2040 01:52 AM,The Oak Ridge Boys,0
22050,South Georgia and the South Sandwich Islands,Grytviken,12/19/2033 01:29 AM,Cassadee Pope,18
22092,Poland,Warsaw,08/12/2034 12:49 PM,Cassadee Pope,18
22134,Portugal,Lisbon,03/08/2026 08:33 AM,Cassadee Pope,18
22176,Sweden,Stockholm,04/25/2039 02:52 AM,Cassadee Pope,18
22218,Somaliland,Hargeisa,01/05/2032 11:27 PM,Cassadee Pope,18
22260,South Georgia and the South Sandwich Islands,Grytviken,02/13/2030 08:42 AM,August Alsina,0
22302,Côte d'Ivoire,Yamoussoukro,03/30/2030 04:22 PM,Air Supply,6
22344,Indonesia,Jakarta,12/31/2022 03:08 AM,Air Supply,6
22386,Monaco,Monaco,12/22/2027 12:18 PM,Air Supply,6
22428,Kuwait,Kuwait City,06/12/2038 01:29 AM,Air Supply,6
22470,Namibia,Windhoek,06/07/2022 02:51 AM,Brandy,18
22512,China,Beijing,08/21/2028 11:37 PM,Brandy,18
22554,Nagorno-Karabakh Republic,Stepanakert,10/06/2036 04:19 AM,OneRepublic,0
22596,Azerbaijan,Baku,03/13/2022 02:45 AM,OneRepublic,0
22638,Maldives,Malé,12/08/2037 11:28 AM,Pitbull,6
22680,Iran,Tehran,07/14/2031 08:47 AM,Pitbull,6
22722,South Sudan,Juba,10/04/2033 09:33 AM,Pitbull,6
22764,South Georgia and the South Sandwich Islands,Grytviken,10/31/2037 09:00 AM,Pitbull,6
22806,Easter Island,Hanga Roa,01/22/2030 03:28 AM,Pitbull,6
22848,Equatorial Guinea,Malabo,07/17/2035 04:23 PM,Robin Thicke,6
22890,Republic of China (Taiwan),Taipei,10/31/2039 01:51 AM,Robin Thicke,6
22932,South Sudan,Juba,01/31/2036 08:10 AM,Robin Thicke,6
22974,Paraguay,Asunción,05/26/2031 07:57 AM,Robin Thicke,6
23016,Afghanistan,Kabul,04/16/2023 06:06 AM,Snoop Dogg,6
23058,Slovakia,Bratislava,02/23/2022 12:05 PM,Snoop Dogg,6
23100,Kenya,Nairobi,03/01/2030 02:24 PM,Snoop Dogg,6
23142,Monaco,Monaco,10/23/2031 06:10 PM,Snoop Dogg,6
23184,Cambodia,Phnom Penh,05/25/2023 02:46 PM,Snoop Dogg,6
23226,Burkina Faso,Ouagadougou,02/18/2040 08:31 PM,Travis Tritt,6
23268,East Timor (Timor-Leste),Dili,08/23/2022 01:10 AM,Travis Tritt,6
23310,Brazil,Brasília,07/16/2024 11:22 AM,Travis Tritt,6
23352,Armenia,Yerevan,11/27/2039 04:09 PM,Travis Tritt,6
23394,Uganda,Kampala,02/04/2022 08:11 PM,Travis Tritt,6
23436,Zimbabwe,Harare,03/03/2038 05:22 PM,Chvrches,6
23478,Israel,Jerusalem,07/09/2025 12:27 PM,Chvrches,6
23520,Honduras,Tegucigalpa,11/02/2023 10:55 AM,Chvrches,6
23562,Estonia,Tallinn,12/15/2031 11:51 PM,Chvrches,6
23604,Suriname,Paramaribo,05/02/2033 05:10 AM,Chvrches,6
23646,Sri Lanka,Sri Jayawardenapura Kotte,01/11/2028 01:31 PM,Lorde,6
23688,Syria,Damascus,03/18/2026 03:11 PM,Lorde,6
23730,Uganda,Kampala,01/28/2026 09:54 PM,Lorde,6
23772,Switzerland,Bern,03/03/2023 10:37 AM,Lorde,6
23814,North Korea,Pyongyang,05/26/2029 04:13 PM,Lorde,6
23856,Niue,Alofi,10/13/2034 10:34 AM,Alison Krauss & Union Station,0
23898,Hungary,Budapest,01/16/2022 08:30 PM,Alison Krauss & Union Station,0
23940,Western Sahara,El Aaiún,07/25/2039 12:39 AM,Alison Krauss & Union Station,0
23982,Monaco,Monaco,02/15/2033 12:54 PM,Alison Krauss & Union Station,0
24024,Venezuela,Caracas,06/26/2030 11:39 PM,A$AP Rocky,0
24066,Saudi Arabia,Riyadh,05/10/2034 07:34 AM,A$AP Rocky,0
24108,Sri Lanka,Sri Jayawardenapura Kotte,04/29/2035 06:36 PM,A$AP Rocky,0
24150,Saint Helena,Jamestown,01/05/2030 02:20 AM,A$AP Rocky,0
24192,Dominican Republic,Santo Domingo,06/25/2026 09:19 AM,Panic! At the Disco,6
24234,Marshall Islands,Majuro,02/15/2024 09:38 AM,Panic! At the Disco,6
24276,Pakistan,Islamabad,12/26/2025 12:34 PM,Panic! At the Disco,6
24318,Czech Republic,Prague,01/04/2028 07:21 PM,Sheryl Crow,18
24360,Republic of China (Taiwan),Taipei,12/22/2039 03:47 PM,Sheryl Crow,18
24402,Serbia,Belgrade,05/26/2039 11:52 PM,Sheryl Crow,18
24444,Austria,Vienna,04/14/2038 03:12 AM,Trace Adkins,18
24486,Tunisia,Tunis,08/12/2026 07:53 AM,Trace Adkins,18
24528,Northern Mariana Islands,Saipan,07/07/2040 08:39 PM,Trace Adkins,18
24570,Poland,Warsaw,11/22/2037 04:09 AM,Trace Adkins,18
24612,Kosovo,Pristina,01/28/2035 02:10 AM,Bone Thugs-n-Harmony,0
24654,Liechtenstein,Vaduz,11/12/2037 09:34 AM,Bone Thugs-n-Harmony,0
24696,Russia,Moscow,10/26/2040 03:55 AM,David Nail,0
24738,Cyprus,Nicosia,09/22/2029 10:42 AM,David Nail,0
24780,Gibraltar,Gibraltar,01/12/2028 10:48 AM,David Nail,0
24822,Bangladesh,Dhaka,05/28/2035 05:54 PM,David Nail,0
24864,United Kingdom; England,London,08/30/2038 08:14 PM,David Nail,0
24906,Hungary,Budapest,11/09/2035 08:38 AM,Duran Duran,6
24948,Fiji,Suva,02/02/2028 09:05 AM,Wallpaper.,0
24990,Antigua and Barbuda,St. John's,06/22/2033 07:11 AM,Ashley Monroe,0
25032,Curaçao,Willemstad,10/05/2023 03:51 PM,Ashley Monroe,0
25074,Fiji,Suva,12/07/2027 10:43 PM,Ashley Monroe,0
25116,Laos,Vientiane,08/22/2040 09:58 PM,Christina Aguilera,0
25158,Bosnia and Herzegovina,Sarajevo,09/28/2039 01:48 AM,Christina Aguilera,0
25200,Qatar,Doha,08/27/2030 06:50 PM,Christina Aguilera,0
25242,Sweden,Stockholm,07/04/2029 11:43 AM,Christina Aguilera,0
25284,Djibouti,Djibouti,10/22/2032 07:51 AM,Christina Aguilera,0
25326,Monaco,Monaco,07/12/2032 07:09 PM,Diana Ross,18
25368,French Guiana,Cayenne,08/24/2032 04:54 PM,Diana Ross,18
25410,Pakistan,Islamabad,07/04/2031 01:57 PM,Nas,6
25452,Slovenia,Ljubljana,05/16/2022 09:28 PM,Nas,6
25494,East Timor (Timor-Leste),Dili,09/06/2027 04:16 AM,Nas,6
25536,Lebanon,Beirut,10/09/2031 01:53 PM,Nas,6
25578,Vanuatu,Port Vila,10/22/2031 04:44 AM,Norah Jones,18
25620,Israel,Jerusalem,06/15/2032 02:35 AM,Madelyn Victoria,0
25662,Uzbekistan,Tashkent,03/26/2033 10:22 PM,Madelyn Victoria,0
25704,Maldives,Malé,12/16/2023 07:24 PM,Madelyn Victoria,0
25746,Saint Kitts and Nevis,Basseterre,11/09/2025 02:12 PM,Alicia Keys,18
25788,United States Virgin Islands,Charlotte Amalie,08/05/2037 06:55 PM,Alicia Keys,18
25830,Qatar,Doha,03/23/2040 04:00 PM,Alicia Keys,18
25872,Luxembourg,Luxembourg,03/08/2023 01:51 AM,Alicia Keys,18
25914,Burkina Faso,Ouagadougou,05/19/2030 08:20 PM,Alicia Keys,18
25956,Portugal,Lisbon,09/13/2026 04:59 AM,Faith Hill,6
25998,China,Beijing,02/12/2031 06:20 AM,Faith Hill,6
26040,Panama,Panama City,02/01/2023 08:02 PM,Faith Hill,6
26082,Cocos (Keeling) Islands,West Island,10/26/2027 09:46 AM,Faith Hill,6
26124,Colombia,Bogotá,01/05/2024 05:52 AM,MGK,6
26166,United States,"Washington, D.C.",09/08/2024 12:12 PM,MGK,6
26208,Bhutan,Thimphu,11/11/2025 01:56 AM,MGK,6
26250,Dominican Republic,Santo Domingo,04/13/2035 06:21 AM,MGK,6
26292,Pitcairn Islands,Adamstown,01/15/2023 10:59 AM,MGK,6
26334,Nagorno-Karabakh Republic,Stepanakert,03/04/2032 02:56 AM,Austin Mahone,0
26376,Cyprus,Nicosia,04/17/2029 04:00 AM,Austin Mahone,0
26418,Abkhazia,Sukhumi,03/27/2030 07:10 AM,Austin Mahone,0
26460,Nagorno-Karabakh Republic,Stepanakert,09/18/2037 12:20 PM,Austin Mahone,0
26502,Algeria,Algiers,11/01/2024 04:26 AM,Austin Mahone,0
26544,Venezuela,Caracas,02/04/2025 11:35 AM,James Bay,6
26586,Isle of Man,Douglas,03/08/2027 08:42 PM,James Bay,6
26628,Puerto Rico,San Juan,04/12/2033 04:23 AM,Xander Demos,6
26670,Spain,Madrid,06/06/2023 05:21 AM,Xander Demos,6
26712,New Zealand,Wellington,03/20/2025 05:36 AM,Charlie Puth,6
26754,Pitcairn Islands,Adamstown,01/14/2029 08:13 PM,Charlie Puth,6
26796,Iceland,Reykjavík,04/09/2037 07:59 PM,Amy Winehouse,0
26838,Akrotiri and Dhekelia,Episkopi Cantonment,04/21/2033 09:24 AM,Amy Winehouse,0
26880,Benin,Porto-Novo,12/16/2038 09:35 PM,G-Eazy,18
26922,Yemen,Sanaá,03/16/2031 05:57 PM,G-Eazy,18
26964,Namibia,Windhoek,02/22/2026 12:46 AM,G-Eazy,18
27006,Bhutan,Thimphu,07/31/2024 11:00 AM,G-Eazy,18
27048,Vanuatu,Port Vila,01/22/2027 04:27 AM,Gretchen Wilson,6
27090,Burkina Faso,Ouagadougou,08/28/2030 12:39 AM,Gretchen Wilson,6
27132,Cuba,Havana,08/10/2038 05:24 PM,Gretchen Wilson,6
27174,Saint Martin,Marigot,09/08/2036 05:16 AM,Gretchen Wilson,6
27216,Bolivia,Sucre,08/27/2034 02:35 PM,Mumford & Sons,18
27258,Brunei,Bandar Seri Begawan,07/10/2037 09:16 PM,Mumford & Sons,18
27300,Poland,Warsaw,12/09/2027 04:13 PM,Mumford & Sons,18
27342,French Guiana,Cayenne,12/12/2040 05:44 AM,Mumford & Sons,18
27384,Estonia,Tallinn,01/17/2023 06:00 PM,Nickelback,0
27426,Algeria,Algiers,10/13/2029 03:05 PM,Sara Evans,6
27468,Grenada,St. George's,10/10/2022 03:48 PM,Sara Evans,6
27510,Belarus,Minsk,05/09/2023 12:52 AM,Sara Evans,6
27552,Finland,Helsinki,11/10/2038 03:58 PM,Sara Evans,6
27594,Fiji,Suva,11/12/2039 05:52 AM,Sean Paul,6
27636,New Zealand,Wellington,06/28/2022 05:21 AM,Sean Paul,6
27678,São Tomé and Príncipe,São Tomé,04/20/2034 09:35 AM,Spice Girls,0
27720,Portugal,Lisbon,07/28/2036 12:13 AM,Spice Girls,0
27762,France,Paris,01/15/2034 05:10 PM,Spice Girls,0
27804,Mali,Bamako,07/17/2031 04:31 PM,Spice Girls,0
27846,Kiribati,Tarawa,08/25/2035 03:33 AM,Train,18
27888,Chad,N'Djamena,12/11/2036 05:55 PM,Train,18
27930,Christmas Island,Flying Fish Cove,06/04/2025 05:33 PM,Conway Twitty,18
27972,Hungary,Budapest,11/07/2026 12:40 AM,Conway Twitty,18
28014,Armenia,Yerevan,03/12/2029 05:42 AM,Dr. Dre,0
28056,Czech Republic,Prague,08/12/2036 04:55 PM,Dr. Dre,0
28098,India,New Delhi,09/02/2028 07:15 AM,Dr. Dre,0
28140,Bahrain,Manama,09/25/2038 06:23 AM,Dr. Dre,0
28182,Eritrea,Asmara,09/04/2025 01:13 AM,Ice-T,0
28224,Kyrgyzstan,Bishkek,07/18/2034 08:59 AM,Jennifer Nettles,18
28266,Finland,Helsinki,07/11/2032 04:06 AM,Jennifer Nettles,18
28308,Republic of China (Taiwan),Taipei,11/21/2039 04:05 PM,Jennifer Nettles,18
28350,Abkhazia,Sukhumi,03/21/2033 05:45 AM,Jennifer Nettles,18
28392,El Salvador,San Salvador,11/07/2031 10:47 PM,Jennifer Nettles,18
28434,Puerto Rico,San Juan,03/29/2031 02:55 AM,Lucinda Williams,6
28476,Chile,Santiago,11/01/2037 02:02 AM,Lucinda Williams,6
28518,Côte d'Ivoire,Yamoussoukro,02/16/2026 03:10 PM,Lucinda Williams,6
28560,Saint Vincent and the Grenadines,Kingstown,10/09/2024 10:32 AM,Lucinda Williams,6
28602,Kyrgyzstan,Bishkek,02/02/2038 10:05 AM,The Script,0
28644,Saint Lucia,Castries,04/10/2040 09:11 AM,The Script,0
28686,Honduras,Tegucigalpa,02/10/2023 01:27 PM,The Script,0
28728,Georgia,Tbilisi,06/03/2038 12:24 PM,Dan + Shay,18
28770,Lebanon,Beirut,06/18/2039 11:19 AM,Dan + Shay,18
28812,Italy,Rome,12/08/2029 06:19 PM,Aaron Lewis,18
28854,Haiti,Port-au-Prince,05/28/2039 11:14 AM,Aaron Lewis,18
28896,Akrotiri and Dhekelia,Episkopi Cantonment,01/09/2030 02:10 AM,Billy Currington,6
28938,Belgium,Brussels,06/29/2029 03:18 PM,Billy Currington,6
28980,Nigeria,Abuja,02/23/2026 10:54 PM,Billy Currington,6
29022,Afghanistan,Kabul,07/27/2022 12:51 PM,Billy Currington,6
29064,Armenia,Yerevan,12/28/2039 01:46 PM,Billy Currington,6
29106,Jersey,St. Helier,06/07/2025 11:05 AM,Cher Lloyd,0
29148,Mauritania,Nouakchott,10/04/2034 07:28 AM,Cher Lloyd,0
29190,Cocos (Keeling) Islands,West Island,12/01/2030 07:25 AM,Cher Lloyd,0
29232,Easter Island,Hanga Roa,11/29/2036 07:06 AM,Cher Lloyd,0
29274,Belgium,Brussels,08/19/2025 09:13 AM,Paramore,0
29316,North Korea,Pyongyang,06/20/2040 05:34 AM,Paramore,0
29358,Liberia,Monrovia,07/31/2027 02:10 PM,Paramore,0
29400,Falkland Islands,Stanley,03/20/2024 04:59 AM,P!nk,0
29442,Iran,Tehran,08/04/2025 03:49 AM,Slipknot,6
29484,New Caledonia,Nouméa,08/03/2029 11:58 AM,Slipknot,6
29526,Wallis and Futuna,Mata-Utu,06/03/2035 07:00 AM,Slipknot,6
29568,Turkmenistan,Ashgabat,04/24/2039 01:26 AM,Slipknot,6
29610,Sweden,Stockholm,10/13/2030 04:57 AM,The Notorious B.I.G.,18
29652,Canada,Ottawa,03/16/2026 06:50 PM,The Notorious B.I.G.,18
29694,Colombia,Bogotá,01/19/2026 03:24 PM,The Notorious B.I.G.,18
29736,Jersey,St. Helier,06/23/2027 12:35 PM,The Notorious B.I.G.,18
29778,Macedonia,Skopje,05/14/2027 02:08 PM,The Notorious B.I.G.,18
29820,São Tomé and Príncipe,São Tomé,03/30/2024 10:20 PM,Charlie Allen,6
29862,Moldova,Chisinau,03/27/2039 08:42 AM,Charlie Allen,6
29904,Brunei,Bandar Seri Begawan,04/04/2031 08:54 AM,Charlie Allen,6
29946,Tajikistan,Dushanbe,09/30/2028 07:47 AM,Charlie Allen,6
29988,Montenegro,Podgorica,09/19/2028 01:54 PM,Charlie Allen,6
30030,Thailand,Bangkok,08/04/2025 04:19 PM,Joe Nichols,0
30072,Czech Republic,Prague,10/26/2037 05:50 AM,Joe Nichols,0
30114,Kyrgyzstan,Bishkek,09/22/2039 02:53 AM,Joe Nichols,0
30156,Saint Pierre and Miquelon,St. Pierre,06/06/2026 08:33 PM,Joe Nichols,0
30198,Cocos (Keeling) Islands,West Island,07/02/2036 12:37 PM,John Anderson,6
30240,Cyprus,Nicosia,12/26/2029 07:45 AM,John Anderson,6
30282,Guam,Hagåtña,01/14/2040 07:11 PM,John Anderson,6
30324,Grenada,St. George's,05/15/2030 09:34 PM,John Anderson,6
30366,Kyrgyzstan,Bishkek,09/15/2036 01:35 AM,John Anderson,6
30408,Malaysia,Kuala Lumpur,10/17/2028 10:45 PM,Lil' Kim,0
30450,Israel,Jerusalem,09/26/2032 03:31 AM,Lil' Kim,0
30492,Democratic Republic of the Congo,Kinshasa,09/02/2030 05:19 AM,Lil' Kim,0
30534,Romania,Bucharest,02/13/2032 04:17 PM,Lil' Kim,0
30576,United Arab Emirates,Abu Dhabi,01/10/2028 02:29 AM,Nirvana,0
30618,Venezuela,Caracas,02/04/2035 11:07 PM,Nirvana,0
30660,United States Virgin Islands,Charlotte Amalie,01/01/2032 08:27 PM,Seal,6
30702,Croatia,Zagreb,12/19/2027 03:35 AM,Seal,6
30744,Lithuania,Vilnius,03/26/2040 04:36 AM,Seal,6
30786,Belgium,Brussels,08/16/2025 04:17 AM,The Beatles,0
30828,Chad,N'Djamena,03/06/2032 07:45 AM,The Beatles,0
30870,Paraguay,Asunción,06/25/2035 10:10 AM,The Beatles,0
30912,Ghana,Accra,10/06/2025 03:55 PM,The Beatles,0
30954,Saint Barthélemy,Gustavia,08/25/2030 11:16 PM,The Beatles,0
30996,Austria,Vienna,05/07/2029 08:25 AM,Céline Dion,6
31038,Cambodia,Phnom Penh,07/14/2024 02:03 AM,Céline Dion,6
31080,Scotland,Edinburgh,07/06/2038 12:17 PM,Céline Dion,6
31122,Italy,Rome,10/19/2023 01:15 PM,Lionel Richie,18
31164,Yemen,Sanaá,03/10/2027 05:57 PM,Lionel Richie,18
31206,Antigua and Barbuda,St. John's,11/15/2035 05:42 PM,Lionel Richie,18
31248,Fiji,Suva,12/02/2035 12:07 AM,Panjabi MC,18
31290,Eritrea,Asmara,04/10/2026 08:11 AM,Panjabi MC,18
31332,Jordan,Amman,04/08/2023 11:34 PM,Randy Travis,6
31374,Malaysia,Kuala Lumpur,08/27/2038 12:29 AM,Randy Travis,6
31416,Niger,Niamey,12/19/2030 02:02 AM,Randy Travis,6
31458,North Korea,Pyongyang,01/02/2029 03:20 PM,Randy Travis,6
31500,Ghana,Accra,01/09/2023 03:55 AM,blink-182,6
31542,Germany,Berlin,04/17/2029 05:33 AM,Brenda Lee,0
31584,Kiribati,Tarawa,02/11/2029 10:06 PM,Gene Watson,0
31626,Marshall Islands,Majuro,03/22/2034 10:57 PM,J. Cole,6
31668,Vietnam,Hanoi,09/28/2023 07:43 AM,James Blunt,0
31710,Saint Pierre and Miquelon,St. Pierre,10/21/2033 01:46 AM,James Blunt,0
31752,South Korea,Seoul,12/14/2024 02:41 PM,Sara Bareilles,6
31794,Republic of China (Taiwan),Taipei,06/05/2028 09:07 AM,Sara Bareilles,6
31836,Puerto Rico,San Juan,02/07/2030 11:12 AM,Sara Bareilles,6
31878,Brunei,Bandar Seri Begawan,06/07/2026 12:19 PM,Sara Bareilles,6
31920,East Timor (Timor-Leste),Dili,08/19/2040 10:12 PM,Sara Bareilles,6
31962,Bosnia and Herzegovina,Sarajevo,03/29/2034 09:00 PM,Sawyer Brown,18
32004,Slovakia,Bratislava,02/17/2031 10:47 PM,Heidi Feek,0
32046,Jamaica,Kingston,05/13/2025 11:22 PM,Heidi Feek,0
32088,Albania,Tirana,04/10/2024 10:12 PM,Heidi Feek,0
32130,Burundi,Bujumbura,04/15/2023 06:09 PM,Heidi Feek,0
32172,Anguilla,The Valley,12/18/2036 07:32 PM,Alice Cooper,0
32214,Norway,Oslo,01/12/2023 11:18 AM,Alice Cooper,0
32256,Nepal,Kathmandu,01/06/2028 11:41 AM,Ashanti,6
32298,Argentina,Buenos Aires,07/13/2024 08:25 PM,Ashanti,6
32340,Pitcairn Islands,Adamstown,10/22/2039 03:19 AM,Ashanti,6
32382,Denmark,Copenhagen,08/13/2037 05:50 AM,Genesis,18
32424,Venezuela,Caracas,08/05/2024 08:29 PM,Genesis,18
32466,Philippines,Manila,07/03/2023 02:28 AM,Hank Williams,18
32508,Samoa,Apia,07/20/2039 04:31 PM,Hank Williams,18
32550,Denmark,Copenhagen,06/24/2035 03:10 PM,Omarion,6
32592,United Arab Emirates,Abu Dhabi,08/07/2038 12:28 PM,Omarion,6
32634,Jamaica,Kingston,06/11/2032 01:52 AM,Omarion,6
32676,United States Virgin Islands,Charlotte Amalie,01/26/2036 02:55 AM,Shane Owens,0
32718,Barbados,Bridgetown,01/21/2040 07:48 PM,Shane Owens,0
32760,Israel,Jerusalem,08/18/2027 05:40 PM,Shane Owens,0
32802,Belize,Belmopan,11/02/2037 08:32 PM,Shane Owens,0
32844,Saint Lucia,Castries,03/21/2026 03:39 PM,Shane Owens,0
32886,Solomon Islands,Honiara,10/24/2036 06:41 PM,The Mavericks,0
32928,Gibraltar,Gibraltar,02/21/2030 03:48 PM,The Mavericks,0
32970,Kenya,Nairobi,10/08/2026 07:53 AM,The Mavericks,0
33012,Uruguay,Montevideo,10/11/2030 04:43 AM,Jess Glynne,6
33054,Kosovo,Pristina,08/21/2023 03:57 PM,Jess Glynne,6
33096,South Sudan,Juba,01/30/2023 10:55 PM,Electric Light Orchestra,6
33138,Faroe Islands,Tórshavn,03/14/2038 01:04 PM,Electric Light Orchestra,6
33180,Russia,Moscow,05/30/2031 02:55 PM,Electric Light Orchestra,6
33222,Ethiopia,Addis Ababa,11/13/2040 01:33 PM,Electric Light Orchestra,6
33264,Indonesia,Jakarta,03/20/2028 02:30 PM,Emmylou Harris,6
33306,Djibouti,Djibouti,05/22/2030 03:21 PM,Emmylou Harris,6
33348,Mozambique,Maputo,10/22/2029 12:26 PM,Emmylou Harris,6
33390,Sri Lanka,Sri Jayawardenapura Kotte,06/04/2035 09:28 AM,Emmylou Harris,6
33432,Fiji,Suva,09/07/2039 04:04 PM,Emmylou Harris,6
33474,Liberia,Monrovia,10/20/2024 09:30 PM,LeAnn Rimes,6
33516,Greenland,Nuuk,06/27/2037 12:27 AM,LeAnn Rimes,6
33558,Algeria,Algiers,08/19/2025 09:05 PM,Bee Gees,18
33600,Turkey,Ankara,08/21/2025 01:37 AM,Bee Gees,18
33642,Federated States of Micronesia,Palikir,01/10/2038 07:54 PM,Bee Gees,18
33684,Germany,Berlin,02/05/2032 02:35 AM,Bow Wow,0
33726,Monaco,Monaco,09/27/2024 01:36 AM,Cam,6
33768,Kenya,Nairobi,11/12/2029 12:07 PM,Cam,6
33810,Sri Lanka,Sri Jayawardenapura Kotte,04/25/2029 04:54 AM,Cam,6
33852,Malta,Valletta,06/11/2031 08:42 AM,Cam,6
33894,Barbados,Bridgetown,06/11/2037 04:06 AM,David Allan Coe,0
33936,Saint Barthélemy,Gustavia,10/24/2036 12:54 AM,Jake Miller,18
33978,Iraq,Baghdad,04/30/2023 04:01 AM,Jake Miller,18
34020,Spain,Madrid,05/31/2026 04:26 AM,Jake Miller,18
34062,Uzbekistan,Tashkent,10/21/2030 07:53 PM,Jake Miller,18
34104,Lebanon,Beirut,12/11/2025 10:20 PM,Jake Miller,18
34146,Mexico,Mexico City,12/24/2036 02:00 AM,Lorrie Morgan,0
34188,Mozambique,Maputo,10/06/2023 05:57 PM,Lorrie Morgan,0
34230,Saint Barthélemy,Gustavia,04/24/2039 03:10 PM,Lorrie Morgan,0
34272,Italy,Rome,03/03/2031 09:31 AM,Macklemore,6
34314,Barbados,Bridgetown,12/19/2036 01:15 AM,Macklemore,6
34356,Burkina Faso,Ouagadougou,01/07/2036 02:27 AM,Luther Vandross,18
34398,Montserrat,Plymouth,02/09/2026 09:37 PM,Luther Vandross,18
34440,Australia,Canberra,03/14/2032 11:08 AM,Luther Vandross,18
34482,Mozambique,Maputo,04/25/2025 03:41 PM,Luther Vandross,18
34524,Mongolia,Ulaanbaatar,07/04/2024 06:22 AM,Major Lazer,0
34566,Turks and Caicos Islands,Cockburn Town,08/21/2024 09:19 PM,Major Lazer,0
34608,Azerbaijan,Baku,12/05/2024 04:57 AM,Omi,0
34650,Kuwait,Kuwait City,06/19/2033 08:59 PM,Omi,0
34692,Russia,Moscow,04/26/2029 02:25 AM,Omi,0
34734,Armenia,Yerevan,06/27/2035 12:42 PM,Omi,0
34776,Kuwait,Kuwait City,10/21/2040 11:10 AM,Olivia Newton-John,6
34818,Togo,Lomé,02/16/2028 03:00 AM,Olivia Newton-John,6
34860,São Tomé and Príncipe,São Tomé,08/29/2028 11:55 AM,Olivia Newton-John,6
34902,Canada,Ottawa,10/28/2040 10:02 PM,Olivia Newton-John,6
34944,Grenada,St. George's,12/17/2034 01:51 PM,Ricky Martin,18
34986,Vanuatu,Port Vila,01/04/2032 05:58 PM,Ricky Martin,18
35028,Saint Kitts and Nevis,Basseterre,04/04/2040 06:54 AM,Ricky Martin,18
35070,Czech Republic,Prague,06/16/2030 04:30 AM,Ricky Martin,18
35112,Lesotho,Maseru,03/27/2037 07:37 AM,Ricky Martin,18
35154,Palestine,Jerusalem,04/24/2030 06:07 PM,Ronnie Dunn,18
35196,Saint Helena,Jamestown,01/15/2025 08:41 PM,Ronnie Dunn,18
35238,New Caledonia,Nouméa,07/22/2029 09:03 AM,Ronnie Dunn,18
35280,Paraguay,Asunción,09/12/2034 07:00 PM,Ronnie Dunn,18
35322,Montserrat,Plymouth,01/27/2039 04:20 PM,The Rolling Stones,0
35364,Turkmenistan,Ashgabat,04/07/2038 04:47 AM,The Runaways,0
35406,Antigua and Barbuda,St. John's,02/11/2025 05:35 PM,The Runaways,0
35448,Cayman Islands,George Town,09/28/2028 04:47 AM,The Runaways,0
35490,Croatia,Zagreb,11/04/2033 10:42 AM,The Runaways,0
35532,Slovenia,Ljubljana,02/01/2026 05:21 AM,The Runaways,0
35574,Kazakhstan,Astana,08/17/2022 06:28 PM,Saint Gurmeet Ram Rahim Singh Ji Insan,6
35616,Armenia,Yerevan,11/02/2038 10:09 AM,Saint Gurmeet Ram Rahim Singh Ji Insan,6
35658,Barbados,Bridgetown,12/21/2026 04:47 AM,Saint Gurmeet Ram Rahim Singh Ji Insan,6
35700,Zambia,Lusaka,08/24/2028 03:19 PM,mako girls,0
35742,Gambia,Banjul,07/24/2025 05:34 AM,Big Time Rush,0
35784,Belize,Belmopan,05/05/2032 05:10 PM,Big Time Rush,0
35826,Gabon,Libreville,12/22/2027 02:33 AM,Big Time Rush,0
35868,Federated States of Micronesia,Palikir,01/14/2023 10:18 AM,Big Time Rush,0
35910,Bhutan,Thimphu,01/29/2033 06:32 AM,Big Time Rush,0
35952,Saint Pierre and Miquelon,St. Pierre,02/14/2022 12:01 PM,Bob Marley,18
35994,Cocos (Keeling) Islands,West Island,06/22/2029 03:24 AM,Bon Jovi,6
36036,France,Paris,10/22/2023 11:38 AM,Bon Jovi,6
36078,Honduras,Tegucigalpa,11/19/2024 06:58 AM,Clint Black,18
36120,Belize,Belmopan,07/27/2022 10:35 PM,Clint Black,18
36162,United States Virgin Islands,Charlotte Amalie,01/08/2035 04:33 AM,Fabolous,6
36204,Comoros,Moroni,05/15/2033 12:38 AM,Fabolous,6
36246,South Sudan,Juba,07/28/2039 02:50 PM,Fabolous,6
36288,Bolivia,La Paz,01/18/2023 11:27 PM,Fabolous,6
36330,Slovenia,Ljubljana,07/06/2024 07:45 AM,Fabolous,6
36372,Senegal,Dakar,05/17/2038 05:08 PM,Jessie James Decker,0
36414,Sint Maarten,Philipsburg,06/13/2039 01:17 PM,Jessie James Decker,0
36456,San Marino,San Marino,06/20/2037 07:30 PM,Ke$ha,6
36498,Isle of Man,Douglas,11/19/2034 07:13 PM,Ke$ha,6
36540,Mongolia,Ulaanbaatar,06/24/2026 04:51 PM,Ke$ha,6
36582,Eritrea,Asmara,08/18/2036 10:51 AM,Ke$ha,6
36624,Gabon,Libreville,08/12/2028 03:24 AM,Mario,0
36666,Indonesia,Jakarta,11/05/2022 10:40 PM,Mario,0
36708,Ecuador,Quito,05/23/2030 02:49 AM,*NSync,0
36750,Lebanon,Beirut,05/20/2033 08:34 AM,*NSync,0
36792,Scotland,Edinburgh,08/15/2027 03:15 AM,*NSync,0
36834,Wales,Cardiff,11/12/2035 05:38 PM,*NSync,0
36876,Transnistria,Tiraspol,01/30/2034 10:35 PM,*NSync,0
36918,Faroe Islands,Tórshavn,06/09/2032 11:41 PM,Rodney Carrington,18
36960,Iceland,Reykjavík,07/06/2039 06:38 AM,Rodney Carrington,18
37002,Kuwait,Kuwait City,03/19/2025 05:15 AM,Rodney Carrington,18
37044,Malta,Valletta,10/26/2029 11:47 AM,Toni Braxton,0
37086,Egypt,Cairo,02/02/2032 09:46 PM,Marianas Trench,18
37128,Netherlands,Amsterdam,04/06/2034 03:57 PM,Marianas Trench,18
37170,Papua New Guinea,Port Moresby,02/28/2024 07:32 AM,big and rich,18
37212,Bermuda,Hamilton,11/20/2035 06:22 AM,big and rich,18
37254,Kiribati,Tarawa,11/25/2030 09:54 PM,big and rich,18
37296,Paraguay,Asunción,04/05/2031 09:57 AM,big and rich,18
37338,Algeria,Algiers,12/21/2033 01:41 AM,big and rich,18
37380,Turkmenistan,Ashgabat,04/14/2037 05:21 PM,Travi$ Scott,18
37422,Bahrain,Manama,07/07/2028 07:13 AM,Travi$ Scott,18
37464,Algeria,Algiers,03/31/2028 01:32 AM,Travi$ Scott,18
37506,Sint Maarten,Philipsburg,08/16/2026 02:35 AM,Travi$ Scott,18
37548,Denmark,Copenhagen,09/14/2024 05:59 PM,AVANT,18
37590,Saint Helena,Jamestown,07/22/2028 08:40 AM,AVANT,18
37632,Ethiopia,Addis Ababa,02/01/2030 09:51 AM,AVANT,18
37674,Guatemala,Guatemala City,10/25/2038 01:19 AM,Green Day,0
37716,Brunei,Bandar Seri Begawan,07/21/2032 08:21 PM,Green Day,0
37758,Equatorial Guinea,Malabo,03/21/2026 08:37 PM,LL Cool J,0
37800,Republic of the Congo,Brazzaville,06/05/2031 10:31 AM,LL Cool J,0
37842,Tanzania,Dodoma,07/11/2027 10:05 AM,LL Cool J,0
37884,Kyrgyzstan,Bishkek,09/08/2039 12:51 PM,LL Cool J,0
37926,Jamaica,Kingston,03/13/2032 10:30 AM,Meat Loaf,18
37968,Georgia,Tbilisi,10/15/2023 05:01 PM,Meat Loaf,18
38010,Chad,N'Djamena,05/31/2022 06:56 AM,Meat Loaf,18
38052,Switzerland,Bern,08/25/2031 09:32 PM,Meat Loaf,18
38094,Qatar,Doha,02/02/2026 01:35 PM,WALK THE MOON,0
38136,Liechtenstein,Vaduz,02/17/2033 09:59 PM,WALK THE MOON,0
38178,Bulgaria,Sofia,06/13/2031 06:19 PM,WALK THE MOON,0
38220,Italy,Rome,09/14/2024 07:39 PM,Jon Pardi,0
38262,Mexico,Mexico City,11/02/2037 08:38 AM,Jon Pardi,0
38304,Republic of the Congo,Brazzaville,07/09/2035 08:16 PM,Jon Pardi,0
38346,Cape Verde,Praia,07/21/2035 01:00 AM,Jon Pardi,0
38388,Russia,Moscow,01/08/2030 09:32 PM,Migos,0
38430,Ukraine,Kiev,09/30/2034 10:21 AM,Hozier,6
38472,Puerto Rico,San Juan,02/15/2040 03:32 AM,Hozier,6
38514,United States,"Washington, D.C.",08/17/2032 07:38 PM,Hozier,6
38556,Canada,Ottawa,11/19/2035 12:31 AM,Hozier,6
38598,Albania,Tirana,07/20/2024 07:44 AM,Ola Dips,0
38640,Northern Mariana Islands,Saipan,12/29/2024 01:32 AM,Ola Dips,0
38682,Liechtenstein,Vaduz,09/30/2035 12:47 PM,Ola Dips,0
38724,Mauritius,Port Louis,09/11/2034 06:43 PM,2 Chainz,18
38766,Ecuador,Quito,01/01/2038 06:06 PM,2 Chainz,18
38808,Sri Lanka,Sri Jayawardenapura Kotte,12/18/2035 04:27 AM,2 Chainz,18
38850,Puerto Rico,San Juan,11/17/2023 10:12 AM,2 Chainz,18
38892,Gabon,Libreville,11/04/2033 10:37 AM,AC/DC,0
38934,Somalia,Mogadishu,04/17/2034 05:23 PM,AC/DC,0
38976,Libya,Tripoli,02/02/2025 01:18 PM,AC/DC,0
39018,Guinea-Bissau,Bissau,04/03/2023 08:38 PM,All Time Low,6
39060,Anguilla,The Valley,07/17/2035 08:15 AM,All Time Low,6
39102,Curaçao,Willemstad,05/11/2030 09:47 AM,All Time Low,6
39144,United Kingdom; England,London,07/20/2031 12:14 AM,All Time Low,6
39186,Algeria,Algiers,05/24/2022 12:39 AM,Billie Holiday,0
39228,Palestine,Jerusalem,10/28/2028 09:36 AM,Bonnie Raitt,6
39270,Macedonia,Skopje,12/31/2025 02:27 AM,Bonnie Raitt,6
39312,Ukraine,Kiev,08/01/2032 11:55 PM,Bonnie Raitt,6
39354,Vietnam,Hanoi,04/20/2027 08:40 PM,Craig Morgan,18
39396,Sint Maarten,Philipsburg,05/23/2028 07:14 PM,Craig Morgan,18
39438,Malaysia,Kuala Lumpur,09/28/2023 06:51 PM,Craig Morgan,18
39480,Greece,Athens,08/10/2024 05:49 PM,Disturbed,0
39522,Singapore,Singapore,03/12/2025 04:46 AM,Disturbed,0
39564,Mauritius,Port Louis,07/20/2024 04:04 AM,Disturbed,0
39606,Malawi,Lilongwe,07/08/2027 03:50 AM,Disturbed,0
39648,Kosovo,Pristina,07/11/2029 09:43 PM,Disturbed,0
39690,Albania,Tirana,06/16/2032 09:28 PM,Don Henley,0
39732,Pakistan,Islamabad,09/18/2039 05:56 PM,Don Henley,0
39774,Canada,Ottawa,04/20/2029 12:13 AM,Don Henley,0
39816,Mauritius,Port Louis,02/10/2024 10:20 AM,Don Henley,0
39858,Philippines,Manila,12/31/2030 06:57 AM,Don Henley,0
39900,Pakistan,Islamabad,09/30/2033 05:44 AM,French Montana,18
39942,Paraguay,Asunción,04/18/2036 08:57 PM,French Montana,18
39984,Bolivia,Sucre,10/08/2030 06:39 PM,Gladys Knight,6
40026,North Korea,Pyongyang,12/24/2031 07:09 PM,Gladys Knight,6
40068,Chad,N'Djamena,11/28/2031 06:40 AM,Gladys Knight,6
40110,Somaliland,Hargeisa,12/27/2035 06:28 PM,Gladys Knight,6
40152,Libya,Tripoli,11/27/2026 04:28 PM,GWAR,18
40194,Slovakia,Bratislava,02/08/2031 08:36 AM,Jason Mraz,6
40236,Faroe Islands,Tórshavn,01/20/2032 06:42 AM,Jason Mraz,6
40278,Moldova,Chisinau,07/05/2023 05:48 PM,Jason Mraz,6
40320,American Samoa,Pago Pago,10/13/2022 01:40 PM,Jason Mraz,6
40362,Sierra Leone,Freetown,04/05/2036 09:43 PM,Jason Mraz,6
40404,Germany,Berlin,01/17/2035 01:16 AM,Lee Ann Womack,18
40446,Egypt,Cairo,02/23/2022 04:25 AM,Lee Ann Womack,18
40488,Scotland,Edinburgh,04/09/2033 10:56 PM,Lee Ann Womack,18
40530,Kuwait,Kuwait City,12/06/2034 07:34 AM,Marty Stuart,18
40572,Moldova,Chisinau,06/17/2030 01:09 AM,Marty Stuart,18
40614,Poland,Warsaw,03/14/2029 12:18 PM,Michael Bolton,6
40656,Gibraltar,Gibraltar,12/23/2032 07:53 AM,Michael Bolton,6
40698,Ethiopia,Addis Ababa,07/11/2032 05:59 PM,Michael Bolton,6
40740,Turkey,Ankara,03/18/2030 06:14 PM,Michael Bolton,6
40782,Guernsey,St. Peter Port,06/12/2030 05:26 AM,Michael Bolton,6
40824,Saint Kitts and Nevis,Basseterre,03/01/2025 01:54 PM,Sugarland,0
40866,Singapore,Singapore,08/03/2030 04:24 AM,Sugarland,0
40908,Nauru,Yaren,09/07/2031 12:38 PM,The Black Keys,18
40950,French Polynesia,Papeete,08/05/2022 10:21 AM,The Black Keys,18
40992,Moldova,Chisinau,11/29/2027 06:19 AM,The Black Keys,18
41034,Bolivia,Sucre,02/09/2024 12:30 PM,The Black Keys,18
41076,Saint Vincent and the Grenadines,Kingstown,11/11/2031 11:56 PM,Yolanda Adams,0
41118,Estonia,Tallinn,08/26/2032 07:29 PM,Yolanda Adams,0
41160,South Sudan,Juba,10/05/2026 02:54 PM,Yolanda Adams,0
41202,New Caledonia,Nouméa,07/30/2038 01:54 AM,Yolanda Adams,0
41244,Malaysia,Kuala Lumpur,11/20/2033 05:22 AM,Echosmith,0
41286,Egypt,Cairo,07/28/2027 06:48 PM,Anthony Hamilton,18
41328,Lesotho,Maseru,12/24/2036 06:31 PM,Collective Soul,18
41370,Northern Cyprus,Nicosia,12/29/2029 03:05 AM,Collective Soul,18
41412,Libya,Tripoli,05/31/2029 11:05 AM,Collective Soul,18
41454,Turkey,Ankara,09/21/2033 06:39 AM,Collective Soul,18
41496,Tunisia,Tunis,07/16/2036 04:28 AM,Def Leppard,0
41538,Mexico,Mexico City,10/25/2022 11:42 AM,Ice Cube,0
41580,American Samoa,Pago Pago,07/30/2028 09:33 PM,Ice Cube,0
41622,Turks and Caicos Islands,Cockburn Town,02/12/2038 09:22 PM,Ice Cube,0
41664,Afghanistan,Kabul,09/12/2030 10:03 PM,Ice Cube,0
41706,New Caledonia,Nouméa,03/25/2037 08:07 PM,Erykah Badu,6
41748,Cayman Islands,George Town,06/03/2028 12:18 PM,Erykah Badu,6
41790,Ethiopia,Addis Ababa,05/06/2038 02:04 PM,Erykah Badu,6
41832,Macedonia,Skopje,06/24/2026 08:07 PM,Erykah Badu,6
41874,Ethiopia,Addis Ababa,01/12/2027 07:47 PM,John Mayer,0
41916,Kiribati,Tarawa,10/23/2027 11:40 PM,John Mayer,0
41958,Wales,Cardiff,06/24/2039 03:26 PM,John Mayer,0
42000,Myanmar,Naypyidaw,04/02/2022 11:33 AM,John Mayer,0
42042,Cocos (Keeling) Islands,West Island,11/14/2039 07:50 PM,Kid Ink,0
42084,Somaliland,Hargeisa,09/02/2028 02:43 PM,Kid Ink,0
42126,Bangladesh,Dhaka,10/24/2040 02:03 AM,Lindsay Ell,6
42168,Guatemala,Guatemala City,11/12/2025 05:39 PM,Lynyrd Skynyrd,6
42210,Senegal,Dakar,11/13/2032 06:20 PM,Lynyrd Skynyrd,6
42252,Djibouti,Djibouti,05/21/2025 04:55 AM,Lynyrd Skynyrd,6
42294,Peru,Lima,03/05/2033 12:06 AM,Lynyrd Skynyrd,6
42336,Marshall Islands,Majuro,04/11/2027 03:01 AM,Mindless Behavior,18
42378,Gabon,Libreville,09/18/2035 05:21 AM,Mindless Behavior,18
42420,Guatemala,Guatemala City,10/28/2038 10:41 AM,Mindless Behavior,18
42462,Singapore,Singapore,04/15/2031 06:44 AM,Mindless Behavior,18
42504,Philippines,Manila,09/20/2037 11:15 AM,Mindless Behavior,18
